<?xml version="1.0" encoding="UTF-8"?>
<project-private xmlns="http://www.netbeans.org/ns/project-private/1">
    <editor-bookmarks xmlns="http://www.netbeans.org/ns/editor-bookmarks/2" lastBookmarkId="0"/>
    <open-files xmlns="http://www.netbeans.org/ns/projectui-open-files/2">
        <group>
            <file>file:/D:/Kuliah/Kelompok%20Studi/KSP/Learn%20Java%20OOP/10%20-%20Solid%20Pattern/Guided/GDSRP_B_11407/src/gdsrp_b_11407/DosenTetap.java</file>
            <file>file:/D:/Kuliah/Kelompok%20Studi/KSP/Learn%20Java%20OOP/10%20-%20Solid%20Pattern/Guided/GDSRP_B_11407/src/gdsrp_b_11407/TataUsaha.java</file>
            <file>file:/D:/Kuliah/Kelompok%20Studi/KSP/Learn%20Java%20OOP/10%20-%20Solid%20Pattern/Guided/GDSRP_B_11407/src/gdsrp_b_11407/IMengajar.java</file>
        </group>
    </open-files>
</project-private>
